Title,Company,Link,Added
Full Stack Developer - C# .NET / JS,DCM Services,https://www.indeed.com/pagead/clk?mo=r&ad=-6NYlbfkN0BD1LFHcmHqD-WVznLQOIXBIj_W8wsIcpuUr-AbUky4Pyym73-A3jEHdqqt9ma0KW7lJCaKpr4982eamds6sZZ-cxrulHz7oV81dZe9ELWLG8NPDmmXvb9nnZrxCZDgLBGabD1q2conYGe2TeMiuZh20gXAZHKie3LtxKcVnUGEC4vVSqjaVzkzgGsPnZKU-yfibwdNV-kW9D8FC_hdmZVe3sTYDekBCor5oKLezqB0EWcDH9IS7nCWpYHfHGbJLVkaIGDO29K64-8YayxCmxjZ-mo0VaoWQ0RI4akUtQwl9qYThCLlHQY07b9JmqzyjORvURr07FRjiap5ufx75p64PwIqcfCaK89B4znpb1pMJrMvLS736pgKaM1-vpbbv3qVh3AFGZoJ_afWAOv0sQH7oXqoRTZF1f8Y7gBCxz85SjU_gHhzXubl9KuDxLe2O38ipjjz2cvGruFi_qLh7_Z6Yxv4p9_5K40L5OcjzaLiRnGYOyLov5nO&p=0&fvj=1&vjs=3,2020-10-28 19:19:58.177322
"Associate Software Engineer
new","ITM TwentyFirst, LLC",https://www.indeed.com/pagead/clk?mo=r&ad=-6NYlbfkN0DbKxrtPHXtsJnKA0RrYECYdkcNDEhQLLSYgVDjcuGZzey1zWUi-sdBxm1zrtFxj1NIW_796n9xEXwo-mBx4UAash_lruJHFHU6T0bqWyv7275mCpd7NrEC69f0GkzK7i3VMAi2JCUoEiTPE37uisAeV-9dfJACYo1VnW9ucaSoS0HhxGIZE4blJtuPNUlh10qTK_kjBtnMWmEitMHk8LfB9hCX5algE2lGaDiNxxtL_dQYlSNlbit35MkU8567N8XscSBpSAAL-Uzlvm6RMp5TM7JWFseUZppY9OksLsRUCRvQe2pK-uZzeC6jG7CrvYzXk7QYYBfrq2jgOmU_yILiecs52zbjtINXsaqvntxcp4paPGbD1WSASjBGU6H1si6NNNEiwma0X1ukCygiuyewB6LNvXMacI8J6c-VUhTmVSLBLUmq0M5nxEo_lQSL0pJgYzw2RhqaNMZ6UzJEgY0xZEyVni7_GHOOHUcu6FzGyaX1BIixi-Ms&p=1&fvj=1&vjs=3,2020-10-28 19:19:58.178323
Senior Software Engineer,"SPS Commerce, Inc",https://www.indeed.com/pagead/clk?mo=r&ad=-6NYlbfkN0DHK6nKvNVsh1O57M0I000SsXUcSLwwYTffNYiCWI8WvsBXEl78Sf0f2j6e-Y-8Isdpw99GtW4ek56zQDd0ggtXAC3tYToFzDp-AHWVFf40RbNIgoTbWXGxpkgdnGDPZ8MiDX0xcr8TJwo46tgcQqqbp8rTq4bgLvnlk87RJDs9dgGe2pngAD6fr8hVsHolauMz_k7geeRPSHYW69DEEZrozD0Mjwo4SXXDlifxjFoeCsr2rQEhUOQ8mDTU74gHdRx8FVw_PIiXqu7RqZMVipJ60JLLo3jtuWR8eWuUfi8cSU0D0lgG2A9cNjC-1fcMefPmXaeDQ3XfTMbD001ndnELgaJWUAvKSVGrP7jZE_d8OX8Tx5svX4bwaEc_G_4JGszbdiPlc0MwPyclbZ7NZ2pEzAoXHpDt_2qukRFrmCk30KqNE9z0a-gUg4ML521mogIIjvLcl7m_5w==&p=2&fvj=0&vjs=3,2020-10-28 19:19:58.178323
Senior Software Engineer – Full Stack (20-160),Spok,https://www.indeed.com/pagead/clk?mo=r&ad=-6NYlbfkN0AUzFebg0XpuSLyvca46MH-8zqszFbODLV9QSgKS8v8LqhzfyKkxT59haLZHz2FT9iEF6rmmfpccgVHnp5jArPdPh-VCHrkpySOKAhRgWO6Py7-BbGissAh_mFWXAJlgM4XuqA3JkMCkohcz2f8MCtLTcAWdfjp7LwVAPStWnY7a_TzR3EhBHHJjLz_cRLHb93oU4kFHIboqV8_tVPwxtycvs9wwJnZ0xUh-ThPzezyF0G733_lpqb_4SS4S8U8UIZo-19h1LTXYvU87BwgEBs7vgLRkCQH-ijzFrysN2pL8JEqak0OCAwsKkS_j3QcO3FB3lvdYNiRTGlzmB8aNvKFi0T-IdHpGHHjjSkoGYBXBhJ04rYLxIt1nVGpipP6yZSuMYmsQaoEOhXnXWspu4Ys9dmB3qkOQbJeQwF6ld54T-oTiSe_4r2ENtANGar1ES0hFWvAiC47Ur_VIJj9MkDV6SqkLMCRGZzjIqJR2wE7ht4bkVmBsWhj9_eBaqH0_Re9u4bLFI6JeHR7nyYAYkVMT3RniP7jHtjFGckjWzSf2qiIPPoOWVTZgddsBLEkARsxFmulQFsro__LpoEbl1G0UBFow5afj3WVCZAGFDNQ_CLI4zgvJXO22GbhnRsTMLk=&p=3&fvj=0&vjs=3,2020-10-28 19:19:58.178323
"Full Stack Software Developer
new","Sentera, Inc.",https://www.indeed.com/pagead/clk?mo=r&ad=-6NYlbfkN0CiLkw--x-RKsTopRHfGbhlVy3uSLvVMIGyBE2aGMt0NNJwV8tlwGr3mFu0pjiVTn-9B4-pRyYQIjxESmIWpcMKJvJV7RxrY2hosSDtNC8o-tqvC40vHYgePWfi4yJQbpqnc1taOhXaIT-SN8TEM3IuVB1QBqwi8bPSLi2am8R5VNeHymHKf7d6qJZpNQkG_Egxr63g2XGXLWhCLQOiPRdQl62Oy_xQYR_nfKvvTUBjFbfePwtm2iOJ2tGyQwCkWPwtA5wKGAGc0YSMiPVgfpJ3_T6Rl2wH5JrNCZmg4G7uQOOD0ddjR7aol2pUv3aQCPFtDQckzGsEamdPcpCpX_5RufVA_nDavu_8AUlP_ob0OcWwvx5MRNToteLqgnZn3-IGytHwWcuLut-H7mKfbzRkKAyNHAzcTurg03cCbcM95Py87oseyxfCh55II1JTVHCyYD-pOW9s8UqCF_nRbM6EXJdCIxe0zwYrRnVp4URGlb691vaDEdW-I3avYWhJVCA=&p=4&fvj=1&vjs=3,2020-10-28 19:19:58.178323
Full Stack Java Developer,Kforce,https://www.indeed.com/pagead/clk?mo=r&ad=-6NYlbfkN0C5IatSLh_Ak1q39eQQoPIxD737RW9NeiYGvIRXkrLjEKQldVMIR3Zzwu80a71x88JqUbjGzqCXtkBFD2a_loAXrqcu-QLZPAZjzAq-wLkxuhHDi0B75e_2dCsYzmn-Ca2rnrRk1OqmsVV-2TaMx2sogdJy0-zhxzKTmn1EXSvexEPIk7nbf6OtKrOoCZOQBy1j6KbHmyDO427Q2eCiSI2ID0y6cG5GCGBxFWFoUdLSfe6kDVKBDWub4zfwUPWEcsolc9lmcXode7lrcbl3KwKejEFXN7Td2QeUVUI4nTX9dwynizMV5GvZYkzCsnYxh35b2QdLIk1DJMVZwFEouJnELDe9D4Di5KpquijTMLYJxfS7x4z7yToobZdgs7nBJGq9SXjFLzxBa0u43TU2oyKHWMmTIH-DGhR7l4wKvuLx9bXvuRek6qUAliUcG-fyV35aNgXCmcNVnD9fpUHmisIpUevdDsu-9D5gHJf9c9N3rCQUogBLbSSCSeLXTTmHl9Mj4aCV0Hww1ye6nZMsYBY7rPNZ6mBg7DJ5dlOmaaYUtrQMxMlFbQMqouXfh2GVHeSAOHSo5MzdKvyH8zXeCuw9yOGaKaB_25Q=&p=5&fvj=0&vjs=3,2020-10-28 19:19:58.178323
Mid-Level Full Stack Web Developer,Floodlight Design,https://www.indeed.com/pagead/clk?mo=r&ad=-6NYlbfkN0DQuGT7D6OFGhECWPguhb7-5KZ9GGp6vZy1AvG4mnAwMALsAUL9JX41DlMOp_yoacv8PYLx2Hkfs_1BFX_VDiX6fxna2FCLXrpMIC-knMAjkmA4QsnU7P-XgqCvwxFwAqbdzGjKzWkW49BZyVNh0z3TtyDb-GYfTnBtS6E6JJIO5hILnaCI2ZdOKwIjkNAjgG5_GSx1QVrSzgf44VNuCpV8Xv0kk3cFJa3iFrnIl_bP3wAXo01_d7pKWZXfX_8h4t0ryRM9KC6WFQKD4w4FyTIU4zbph_wBszQ5J_ZslhMX4q-SARzj259wojUxX1WYuA8c8IALufemnQiojMagmG-1jOli7ghA6fFiaUR6oDKSFWJcZftwvnSSjN1uN_n5yVRFB31Y6mExXdi5d2KZSsWu737p8tx5RAgelmZ_pfaEmwufD50ak-FnAf6iQ7HE0cw4UUoDSpWMUkdmo-LEubEjh18OBtpFxZSUU3EE-dBhp-XOhbAO0Nrx&p=6&fvj=1&vjs=3,2020-10-28 19:19:58.178323
Full Stack Developer,Genesis10,https://www.indeed.com/pagead/clk?mo=r&ad=-6NYlbfkN0DH3ZduE1E9As6soTCMQ_eON6tHq7OqPUhf7AgflmQgujXA4OA3jaDZFGABdqI3UGK87p10CHNMjXLcaoIEttzJRpvie9trthb7s7ft7921S1rDnRp-Aqo8uTdiZ-_HBzNplRCv7RNIh3sJtnyeQCpD6BQmuTMkQS7NexR6dBTFaiz5USciMdadhjmRqN102acx7iyKZXA4sOcvNWfWdTmAwH7p9lxaChFmlEJlFfMNCcY7ZcJexS-iHycQ6We9XywYJ_fcBhCIcTSCOUzQqx9I9jrqtYMIWG3V7nQfBfTK0OOeD_z2KyfglVf28A5nQ0mtDiJgbjR55CTwGBElm2M2-tCU3NQ8MObjatw7p7k_-pft17XwlhVbJfODFf43IbHuzuGDSFW_zG3Vci8605HwAdPMDYKWMmYbovIvS16iae4qHPhI6imEFnMFBxkJEe_o6FAEUw1rjJZ9GLx9zAJ7UIdDOMi7THeSUa0i-N06cvMKOQUceLxBXhtU5RXYU4NcZlO1fuwvOiZXQsIVotUw9v0EpIp6j4Np24ENNiBK223V0FWWv6RedVGgnvoRsMp0BmYVeHHz-CaLou6Nv5me0IdQyomhII87fCKM0AeSdD-8PY9SkCfBwbfbIpOxu-ClM5B1tf8kc9RdFlAkq-FA-jrUbxH94R_qbEtHNdWt86hkaetfF7-BisQ8s83jBwhga8T5HAp9R8xrjI3Djf9_hmYKZIJBbzoxGNepmIl1cKEAKv_ctxpjtZcMACPTKIJabcq3IGxH93TwC39BiScz_MWgDN9nq7yH8DWEyD-DXzNTEH3Dw20XJJg06dLWxEyVl3c3yfwU5RqHh-DhVe2FtkfTb7XY1eiS0rT56hzfxEN_eQp47TbUCohhdLiNtzd1EUlHkxkaPPi7ygk2VZ3EOvwAJ5xwq0FS_ThMTpNRaom9IvwUMtwn-MtrzEKaEiFNsEAbjy0biv3kHF-Zdcn1-HgK8fDVEDtU_uj4xjVVF30gwz901a4HzgqMo3qXl4w=&p=7&fvj=0&vjs=3,2020-10-28 19:19:58.178323
"Full Stack C# and .Net Developer
new",VTekis Consulting LLC,https://www.indeed.com/company/VTekis-Consulting-LLC/jobs/Full-Stack-Csharp-Net-Developer-0a2449bf4a6c52e1?fccid=da32d47b037e8c6d&vjs=3,2020-10-28 19:19:58.178323
"Java Full Stack Developer
new",Data wave technologies.com,https://www.indeed.com/company/Data-wave-technologies.com/jobs/Java-Full-Stack-Developer-a0aa46ddb5e90b93?fccid=7dd60c1a8fc134c3&vjs=3,2020-10-28 19:19:58.179324
"Full Stack Developer IV
new",Vizva Tech solutions LLC,https://www.indeed.com/company/Vizva-Tech-solutions-LLC/jobs/Full-Stack-Developer-03c64bd6259b033d?fccid=b0466b0f4f7a04e2&vjs=3,2020-10-28 19:19:58.179324
"Full Stack C# and .Net Developer (C#, .NET, JavaScript)
new",Tech Gigs,https://www.indeed.com/company/Tech-Gigs/jobs/Full-Stack-Csharp-Net-Developer-717cfe05f62be735?fccid=d91216693a3c27d3&vjs=3,2020-10-28 19:19:58.179324
Full Stack Developer,Gillette Children's Specialty Healthcare,https://www.indeed.com/rc/clk?jk=6e7b01b22343d8ef&fccid=28619502b8d87fd8&vjs=3,2020-10-28 19:19:58.179324
Full Stack Web Developer - Computer Vision,Kitware,https://www.indeed.com/rc/clk?jk=00d8e2b30a0c8fd6&fccid=ffd98152d5e973b6&vjs=3,2020-10-28 19:19:58.179324
Full-Stack Web Developer at Values-Driven Company,SONG,https://www.indeed.com/company/SONG/jobs/Full-Stack-Web-Developer-At-Value-Driven-Company-086607bedb4cd78b?fccid=544610562f1e362a&vjs=3,2020-10-28 19:19:58.179324
"Sr Developer, Full Stack (w/Back End emphasis)",Ethisphere,https://www.indeed.com/rc/clk?jk=420f6c04417d7655&fccid=2b7fbf1aa40daae2&vjs=3,2020-10-28 19:19:58.179324
".Net / Angular Full Stack Developer
new",Sharetec Systems Inc,https://www.indeed.com/company/Sharetec-Systems-Inc/jobs/Net-60b566d9b2a3cfc8?fccid=babdf9adb3554573&vjs=3,2020-10-28 19:19:58.179324
"Full Stack Java Software Engineer
new",Wells Fargo,https://www.indeed.com/rc/clk?jk=b4fc172b5aa573b7&fccid=78bbcd26e39621f5&vjs=3,2020-10-28 19:19:58.179324
Full-Stack Software Developer,Sezzle,https://www.indeed.com/rc/clk?jk=963fd2267f8f1d5d&fccid=4f90dcffdeb84128&vjs=3,2020-10-28 19:19:58.179324
"Full Stack Developer - ""Opportunity for working remotely"" Mi...",VMware Engineering,https://www.indeed.com/rc/clk?jk=beaf0b36b978eda9&fccid=c762a27145bd166e&vjs=3,2020-10-28 19:19:58.179324
"Sr. Java Full Stack Developer
new",ibrain Technologies Inc,https://www.indeed.com/company/ibrain-Technologies-Inc/jobs/Senior-Java-Full-Stack-Developer-f0524a69f85050c5?fccid=007aebf599ab5183&vjs=3,2020-10-28 19:19:58.180325
"Customer Support Engineer
new",Apruve,https://www.indeed.com/company/Apruve/jobs/Customer-Support-Engineer-0a12f6bcb82470f4?fccid=3eefb6833456778f&vjs=3,2020-10-28 19:19:58.180325
"Full Stack Developer IV (C2C/W2) (Local for MN)
new",Performix,https://www.indeed.com/rc/clk?jk=edc86d847ff9c2ad&fccid=eda0e4b7a6d34320&vjs=3,2020-10-28 19:19:58.180325
Groovy Full Stack Developer,ITR Group Inc,https://www.indeed.com/company/ITR-Group-Inc/jobs/Groovy-Full-Stack-Developer-f6ec443ecf2aca41?fccid=6c5c1f57d06ced54&vjs=3,2020-10-28 19:19:58.180325
Junior Developer,DLR Group,https://www.indeed.com/rc/clk?jk=221a9edf372c83a1&fccid=0754b6a23a2e2d52&vjs=3,2020-10-28 19:19:58.180325
Full stack developer,CapB InfoteK,https://www.indeed.com/rc/clk?jk=1bc3258f945774c2&fccid=5033463af3c58699&vjs=3,2020-10-28 19:19:58.180325
"Remote Sr. Full Stack Developer (U.S. ONLY)
new",Titan School Solutions,https://www.indeed.com/rc/clk?jk=e607e4c958f13bf5&fccid=f1cceeec60b03e61&vjs=3,2020-10-28 19:19:58.180325
Sr. Full Stack Developer,Trane Technologies,https://www.indeed.com/rc/clk?jk=22ed94b1079f2635&fccid=64739a8388b4fcb0&vjs=3,2020-10-28 19:19:58.180325
"Web Developer, Frontend - React",Mackin Educational Resources,https://www.indeed.com/rc/clk?jk=5c68cfbc00810d19&fccid=149aef38c84eb4a0&vjs=3,2020-10-28 19:19:58.180325
Full Stack Software Developer,Ceridian,https://www.indeed.com/rc/clk?jk=dba9a8336a4c1950&fccid=837c958b2711fe23&vjs=3,2020-10-28 19:19:58.180325
"Software Engineer
new",ProPoint Solutions,https://www.indeed.com/company/ProPoint-Solutions/jobs/Software-Engineer-c2dd2538900ccf28?fccid=1869d6233c90b2e4&vjs=3,2020-10-28 19:19:58.181326
Full Stack Java Developer,iknowvate technologies,https://www.indeed.com/rc/clk?jk=97efd4ad23121572&fccid=9ace5aa4e4fa6ce2&vjs=3,2020-10-28 19:19:58.181326
"Agile Software Developer
new",U.S. Bank,https://www.indeed.com/rc/clk?jk=0cbc646153ca5180&fccid=ae5bfc395c530fbc&vjs=3,2020-10-28 19:19:58.181326
Software Developer,Plunkett's Pest Control,https://www.indeed.com/rc/clk?jk=a19d5657c9ca12f9&fccid=3914e61c565aa772&vjs=3,2020-10-28 19:19:58.181326
"Senior Full Stack Java Developer
new",ibrain Technologies Inc,https://www.indeed.com/company/ibrain-Technologies-Inc/jobs/Senior-Full-Stack-Java-Developer-35643d20233eabc6?fccid=007aebf599ab5183&vjs=3,2020-10-28 19:19:58.181326
Full Stack Developer,UnitedHealth Group,https://www.indeed.com/rc/clk?jk=c9628d5386f2e321&fccid=d3d3520998346837&vjs=3,2020-10-28 19:19:58.181326
Software Developer (Full Stack),GeoDigital,https://www.indeed.com/rc/clk?jk=d03d2b3c8cf9f823&fccid=95bb0e6150886869&vjs=3,2020-10-28 19:19:58.181326
Senior Full Stack Web & Mobile Architect/Developer,BridgesMN,https://www.indeed.com/rc/clk?jk=cda7e20e2ad83d5e&fccid=de7b5ec422743072&vjs=3,2020-10-28 19:19:58.181326
Software (Full Stack) Engineer,Veritas Technologies,https://www.indeed.com/rc/clk?jk=459bead98419f857&fccid=455cfc20875b23b9&vjs=3,2020-10-28 19:19:58.181326
Full Stack Magento 2 Developer,2nd Swing Golf,https://www.indeed.com/company/2nd-Swing-Golf/jobs/Full-Stack-Magento-Developer-ea4a059c7ea4f874?fccid=67afb3f93a550b1f&vjs=3,2020-10-28 19:19:58.181326
WEB DEVELOPER,Windmill Design,https://www.indeed.com/rc/clk?jk=b1e7af57a491d2a9&fccid=40299820e3ae1828&vjs=3,2020-10-28 19:19:58.181326
Software Developer II,Advicent Solutions,https://www.indeed.com/rc/clk?jk=dc10364ed3794037&fccid=71d7a42172568a3a&vjs=3,2020-10-28 19:19:58.181326
Senior Java Full Stack Developer,iknowvate technologies,https://www.indeed.com/rc/clk?jk=64261dd41422385d&fccid=9ace5aa4e4fa6ce2&vjs=3,2020-10-28 19:19:58.182327
Full Stack Developer,Nagios,https://www.indeed.com/rc/clk?jk=2479154e8cb33214&fccid=0bbdf125fe4d873e&vjs=3,2020-10-28 19:19:58.182327
"Full Stack Java Developer - Richfield, MN
new",U.S. Bank,https://www.indeed.com/rc/clk?jk=5fbbdfd6ba36b6f1&fccid=ae5bfc395c530fbc&vjs=3,2020-10-28 19:19:58.182327
Senior Full Stack Developer,Four51,https://www.indeed.com/rc/clk?jk=a34f9f84d2b848ad&fccid=5ece8266ffba63bd&vjs=3,2020-10-28 19:19:58.182327
"Artificial Intelligence, Manager - Applied Artificial Intell...",Deloitte,https://www.indeed.com/rc/clk?jk=4773467ca51fb64b&fccid=9e215d88a6b33622&vjs=3,2020-10-28 19:19:58.182327
Senior Full-stack Software Engineer (Remote),Collage.com,https://www.indeed.com/rc/clk?jk=a600a00fbcb97a1b&fccid=9394f82f784b291a&vjs=3,2020-10-28 19:19:58.182327
"Software Engineer 4
new",U.S. Bank,https://www.indeed.com/rc/clk?jk=2e0344c68d25551f&fccid=ae5bfc395c530fbc&vjs=3,2020-10-28 19:19:58.182327
Java Full Stack Developer,CitiusTech,https://www.indeed.com/rc/clk?jk=d71368661db974df&fccid=d7ffd11f502090e7&vjs=3,2020-10-28 19:19:58.182327
"Software Engineer II- Full Stack
new",Medtronic,https://www.indeed.com/rc/clk?jk=376672a47866ea08&fccid=f06a4d05bf5510ec&vjs=3,2020-10-28 19:19:58.182327
Web Developer / Programmer,Brainier,https://www.indeed.com/rc/clk?jk=378b093ae42d5599&fccid=5ca009cd203cc987&vjs=3,2020-10-28 19:19:58.182327
"Low Code/ No Code Consultant
new",Deloitte,https://www.indeed.com/rc/clk?jk=7c1b6132013092f7&fccid=9e215d88a6b33622&vjs=3,2020-10-28 19:19:58.182327
"Full-Stack Developer, Core Sites","General Mills Services, Inc.",https://www.indeed.com/rc/clk?jk=3c5cded83a23bebe&fccid=3e3835efd2807b63&vjs=3,2020-10-28 19:19:58.183328
"Full-stack Engineer (Spanish fluency needed) - Minneapolis,...",U.S. Bank,https://www.indeed.com/rc/clk?jk=5c78c81acc9fa25f&fccid=ae5bfc395c530fbc&vjs=3,2020-10-28 19:19:58.183328
"Software Engineer Intern (Bloomington, MN)",Hewlett Packard Enterprise,https://www.indeed.com/rc/clk?jk=86a418f4562b786c&fccid=216eb700022de6f6&vjs=3,2020-10-28 19:19:58.183328
