Title,Company,Link
"Sr. Full Stack Developer
new",Trane Technologies,https://www.indeed.com/pagead/clk?mo=r&ad=-6NYlbfkN0CYLuLZGgiz8_oMyWfguiADkkUFtwrHjbNr1CWajmECnbDa6OZs3YJkbgzuvoyj4mMqoXlsYybxHpQS0bNh3YI3EqTYkFtCjkjGsWsWeLUvHgTjlc9X21XE98XPIOmqL0E6YCndPRMTEABP6RGiCbzMel6TQ2d66T0CsszRLFo8orMuM2Rz6IuN2Z1MyWMihM4pXpdSbrGlLGGhsC5Ed2gEbYgStqtcSKhuxVdw1BWa3TVucMJ9Jp2o_sVGuxpeXHISNNMy64oGBTekbz2KWdsGdPIQ77rqH1OxkQmd-a1Qz75KHSLhyy3NP8MVcscXm1Ugk6dzzzerwv6LWVvNhh78u59Zcv9CKsLgo27ZF6_N8PY9LMTz_P96NHdsclKUl16Ls6l75JRt-CPSyS7FDjeHbKFzqtvseYYI81lVRqifwx0UCRxNuX8nyzDNkBeE6FBop5rdEjlhbjt-kHfoCtAo8sreDI9p6ILcVgGNOXjsHx-IUGHQ34rey7zb1nEtWt9Els_s4m8mwwH6b0TpQX7PypFKESFR732WhZuDmp1u7BmHKuzs5wQr2yPBjCDM63Rh1W7ggM-juHC6mJyfnPe2e7QJIa_bRT8lu7cIJioQwC_8LXn7aHxGG7K2soUTwQP6i9KFvzdlCf4ziBtk0MwS0dXgpEJimfiMY5iylLzB8A==&p=0&fvj=0&vjs=3
Full Stack Developer - C# .NET / JS,DCM Services,https://www.indeed.com/pagead/clk?mo=r&ad=-6NYlbfkN0BD1LFHcmHqD-WVznLQOIXBIj_W8wsIcpuUr-AbUky4Pyym73-A3jEHdqqt9ma0KW7lJCaKpr4982eamds6sZZ-cxrulHz7oV81dZe9ELWLG8NPDmmXvb9nnZrxCZDgLBGabD1q2conYGe2TeMiuZh20gXAZHKie3JcYII7RGoKepz7Yp8InUfOE3Tp15Wi2iucszMvujYqNis7lDykZAnJyxkqvmTYXCVGop1hu7hBrpI2zgftEAjIbb01_gqOTFe6_e2VaBQdE4zWDE_YVIg_Lg0LoC3iORsTjN7591L6Uzf0Qxc5RQ_xLvBEL-XY7kf7jLh1zW9Ss0QU_eFcX7N24w7xJegCenDwgA5UaWL2uaA_1VnDZSqTy78B3LVrTe8Nf3-Md_cULAvY8_i1LosIbfGP3qmggDBJabVz4VsjRrZeIu5c79crX-oqXp-wmlVzoNGHFImMuzywhXAoIi6kXLURxy4Xqoo7hXcVTzXJ1YiqbUdHK2UD&p=1&fvj=1&vjs=3
"Full Stack Java Developer
new",Kforce,https://www.indeed.com/pagead/clk?mo=r&ad=-6NYlbfkN0C5IatSLh_Ak1q39eQQoPIxD737RW9NeiYGvIRXkrLjEKQldVMIR3Zzwu80a71x88JqUbjGzqCXtkBFD2a_loAXrqcu-QLZPAZjzAq-wLkxuhHDi0B75e_2dCsYzmn-Ca2rnrRk1OqmsVV-2TaMx2sogdJy0-zhxzIhg5bUPiq72uhgKb5VavQnen6SpdeWxDlmRBsxoi6bfbFx5R5-YEytTXWFfjWVITDfZBIElhsqjqPKLpcKUtR99o5lrd4NiJEdCYhMPAajK66NWG5aBY-BQg5MYzI4XqfREj4kqzb6ojj8a5LRpDa2ML7G0ORaHdAJs7HDwjqpBd3Z4lZNOHdB0tCxL7kz8P0q-rH8BqKvj5ruC1hYrIKazOCsf5cs3c8yxdJYpRAGE1jcyJmnhI0TkcV22tfIbt6pWVHClMAxK0ofUMBGp6ynQsTlsNe0msvp0QKIDsxuk2mlSYEO3DRjsx2Hvp9yRmGDgKcQnWfigzZrTL29KuncWFKv69ncP1HSWSlfU3po8PLqw5mOREEAFPxdFGhPOsLzgre-9WbB5vGp624zB_hfwdpEiXkDBUz5dZKyPnD953ebkX9OUPoeUzwk3_G6u2g=&p=2&fvj=0&vjs=3
"Software Developer Instructor
new","Stage 3 Talent, LLC",https://www.indeed.com/pagead/clk?mo=r&ad=-6NYlbfkN0BomNZkFEdSDf3uy_8ixr2lvz1lnen8nY-cjpjPiRRpXsEKeIUX6mZvATutFiPwvT5vx8CMUicjj4zGsZhmN3RXdypk6U-RvnJjVvfPlKTj2-ELRsb8BlfvyujdXZmfYlSUAK-fPYBl8HYrMmXeMCpPk6beE8s38W_MRBEHcz-USQdjAURsve0CvPAsaP6VIE_u62BD5k7-wAOLNYLU3e4zynpJI2iOsmSK2pxBW0dJMV-6WEMOpi2bwSL1_cFYUe0PMfcFEZYRVXn-FeM4UJ6A3T5jYjtvxu8rHRxCFz3YVGfHMQL6MDU3HSdWQaxZdCmKWd4WH_KUH5R9ho_fxmNtcysHNI5a7l-wrVlejwS63es4uVs6hRNgRTZCehCeboC_VTCNJZEU9PkMJk2EuCO5H5YBPqL1DR-ZVvzIfWhSuEndoZIQmOW6m_b49rbSS0lpTMTgwOhdnPYZYTerwcVA2OpJr2Bf4-5sTCla1xX72HUERr5X4Wvy&p=3&fvj=1&vjs=3
"Full Stack Java Developer
new",Matrix Resources,https://www.indeed.com/pagead/clk?mo=r&ad=-6NYlbfkN0Dzx-SGjEdhf-RKJy7WJJOgjFJmx9hYeKzBW-KMGICmS9OHyyPRVIsBQGSkZySxJzoj-TacpXsGwRd6JCK3TLs3wZQ82Ks0MLkYzjnvxs6pDwnim6QfJjEzXdiDJumH1qsJArfM-Z-HBALIzV0HerEVf-0oDvXKkQ8JtXCkYRR6p5EKSb9bpGkH1wF3uIYZCRg7L6C-P_cjgr35Zq2_wBzG1oGf1-Zzzj8ygDuAPEo9ELqWqAoboJSFRwCWWACkhhLiwOjmxjDDKrcJ3sDJJbyc22pbENXkJ6OIE8vvFUP-xs5MGU9wka80AVF41HGETYNC7rWg3xaTFoNbRlWYPVmzkmuVpag_Q6DafH74C4WvSzl9-ws0sMFupn40tsHcI-fTuWaNRAishz3lyFmBKJHPk2G-T0f0DKz3LSfo8fFWgrbHYuRhfkUvsyA6ML5-KdFhGQqp3uo0gVmstcuQspvz_ng9DeN4M0jlV6C_Kjr7dNIpX2uUm6UQaKJxVnqnCgNjDqRXHkxSvG0EvP5l-7naIBWTWua8S3hcZK3fgRDdoFyLMQEalz2Vlqr4n6rwDRzezaMwNE4EvfN9NPLyNWCheIdFKHFoaMPpJ3F6_zcLAbIONrMpmgBEEG7rY6zuNNvuub9Z_8MLELG293RMRgMxwqXU2K__kuj3pn2kwFGbSwTfM47XT6EpgODxfgWP-T68GZSh6PSX9_omzJ8VXadGAag5Be_OaMt0EZ0GRIRtn10cUPaz3ONa8VLT9JkTNsBALHpTgnPklImUPq-mtJccpWwe0tFaulEw2mftGcJc4vM-qMTbe6DPV568ykSrLTwGaZCWXd8SPHK-Izms3f5zyaa2tnsMuGg2aMgA0IQyuhHRTxjBh6sqzvrg2QMXfEtA2d-6FHFchVdcBJ4TtbCsgU2xFVqPJpgly-5T7yBbTfhQWb5cymfgiqo9DkrRLrcnGhghhr2lNBt4Ae3e8WJWdvR4wNPKM2nc6jV5kkapMO-7mLOGADjds3ImfC8dHNQy5B0lPo4FiTXLKxpGAhAh&p=4&fvj=0&vjs=3
Full Stack Developer,GuardianVets Inc,https://www.indeed.com/pagead/clk?mo=r&ad=-6NYlbfkN0BUtgKtpmHwQN4vG76XLYeVWf05iDz7M-9XmZO9J3rlMrWBeD7_sFrY3V6DzTYH8enlKk2QfOrgeJ58hwCttPu4_nH_UL291MkiwdibyqDsQmhrqIM4gqJijedY38STIvz22xeq0bvkt6j2ANSuKdZdxfo-IgZSo5WGRgYqSXTeEvQBOdTu5DCrqdsef2ljiElQyQTEtazFxuegNIh5nNaW-nP1PF54wF4T_pnCOenseDI-STnqv-k3ZoK0ZosXiTOU10cT6E12Iyr_15jEi13xawXElJn342na5-k0FkRRsyRSKpeuu8Hnzfbtb2jm8jbeyf4Ky9qkmAiIFe8EEfuoiEOXhngwT0wVzK5vwJt7a9bz5lWiCxwOmd4FhIdXPOTUYQgXhbK5QyfejKHg81Ibkox-OffwLqg_7xvwWtAsfoD3EkjppZibjNtkJ4_V3NscrKnv8uyk5as1oLQUQGqKH_tMTwsM1bqGkoaKdz4jiQ==&p=5&fvj=1&vjs=3
Full Stack Developer,Los Angeles Based StartUp Company,https://www.indeed.com/pagead/clk?mo=r&ad=-6NYlbfkN0BuzfftQ1RxtPJnU64jgaYL47SFdk4JWYu6Rmr_L0QfFSAFPCHCIqPyb7TBWlSzbB80_C1wLiYqwyydWT_1LQD0EFFHMJ__uH_JwBpwyGeam0abL34CvZ0YWQjcH6ftimpZ33m9ZmOaiHkjxf6jRrT705YwHuZnCTRxjarh0BMCohU6_HMEnkT0JEqVGCYlnVmfhuKZ_CL0wjGDja4LF8T4fX35kBq2UtwXcgT2HvmDPBzQUFgPXE9Khevzv0hvm-K9rs2btGKc2oJ_BD_qJO4ahGj2q56Fxgy4MPuaotqJsBnOn8tC0ZzwcCYKi9K7eZBOnC-KBHaB-ZiTTKEfJsT7E8sNQTNfBzEVmkDGjZp8ZT-Fwce6dJxSnCHcNyZh6qOAUT6lmc5fcPjP1QVixv4ED0grAt7ks3ze4Ob-BEsVNqbR6SbK_SJca7dfoShR1BlClh7pLWYD8sUNAPMCYchbppp0uuJHz1hTZiPNY7Hi0Q==&p=6&fvj=1&vjs=3
Full Stack Software Engineer,UnitedHealth Group,https://www.indeed.com/pagead/clk?mo=r&ad=-6NYlbfkN0De5ZxCch2tH34NZ4nFLn4SV6g4XiqD8nqdAvGDkugK1sicUe7ltXyaXQ3nDrMnTuwGHdyrTjPSTPdzClykpAlINEOWjXnk0YROS-yTHqsJnNPt_NTkbDotBGrMd6BMJ0IZ0zik2HKysnOL727RwsnDhME7DYxWLLKpM3bky1lWytpXgegTtQLEeoiN1Y9Iklsn4lt6-IsKWYvEnWLh2j37pd__M2q72SBRXG7bUltZWxXlmV-Fq349chGMqmwok7CVYmUJO9NMR2noyZpvxTopzH6unX0tBAgrdT2dkkdDabsb3Eg4dvh-Ta9r3_laloBMAxVbG6dKd-kJ9O9fSuj07VMJTuA4dQIml18aGKGGg7J8FVB1n1RVoT1u7S8cT44wDBpy_3hMjf6yoM4mSAGRhzfNYpwPLmwOQjA3xIbq4wC9u9x6I6OGYB6HrpS620a-hffBh8BzOKb5fbSKqPh8pnJzyXnrRnpUxYtzKgfMi1s9ymSo_EbI-knoV-1TNMF_7sym6vDQaw==&p=7&fvj=0&vjs=3
Full Stack Magento 2 Developer,2nd Swing Golf,https://www.indeed.com/pagead/clk?mo=r&ad=-6NYlbfkN0DkHp4X5C3GxNdhw_16NRSb0W_8_FY7pDEFFlTY3SSXHM65BMppSrJlYcUaBgm6RrIwN-TgffnWx_dGnntd-ygKXiZxPbvCdwL9MO4NvG4k-nalO3FKI8aU1bh5Cu4nKjP49Apryby9xfUnqFiA9O7U0R1zSqKxMLamgBuDxbT3htZY6NsCac6IPWoBBhPq5wfdNImOEuB2QnrgLBX9PA-ZUngF60cDLVZAsa2bDWTB945FlkHNrRNKe80tYHOSTrt4d_SAux8mklyiZuL-tIAqJhB0v83X_4-aXbT3zqN5BEM6YMQdel9w2xgiZ_KiidjnP6a8R0uCY91ifEaE2iqdGgq3OS-lCwV5PIXSrLGSaIx0kj3z-45K12mwypTlSTWz1wrm2F-PgKVecr5WOGdzIRpZ9VWWtGJBwQqE4HGgKF8q_HAuRFo3SPas4hqOOfiuME2uV3gIUiAYarnaXr6pdNy9De1M3tc6_xQ0jr8FUx6zIHbXZyIq&p=8&fvj=1&vjs=3
Ruby Developer | Remote,Dispatch,https://www.indeed.com/pagead/clk?mo=r&ad=-6NYlbfkN0AKoBun9Y1W-3ySkMnrjWYZFFuQgl0NzyDiBYPJwKkJJDTFfGLT9xKtpkeZz7MCqy92F0XM4G4W7eXeru9RyHpOxxt9HYT7wVSv1etdDInWrohT0lKvR85ZLaJr1eynpPPVJ9XBYfkDyH9RUC9c9J1ZbATQGe09Cdc3eUeqWKO2HmcggTRksizE7hoMPo8CIPTR5UWFGBEe0LSHURFWhPUENoCcfwi6wq_482zPSIucJtbrw2ooiz3NPVQnCegO0sDJGkPfP1Em4gTF-REJY4OtD8sLqmhbilU55xR2QOb69c2MeFuBJFd75vnHTUyWklScSlCAWCdcP0YkVdEaiJycmVPEnby3Y7TCnnO_gJuf8vCiFQ9t80_Vw3fAPVOyQfSl3jopMN2qgoaj8E861zBH4cn2T4Vk0i-w4Lays9FUpPKVbfZrhQ5ZuMtPYWTFcRx6TT7NoLD4wkkf5fuSTMTTi7jtGE8HmNw9Cfx0kZHCJKsbXCwqJ_-1RB_ufqsxzRlYbHAbUWh6c3xc7RMdi7XcH6CMaH_aSj5wE3gseyrRr2RpzOPqz1C4Azd6zNQ0rbcofiQaYkrZAQ==&p=9&fvj=0&vjs=3
Full Stack Web Developer - Remote or Onsite,Cirrus Aircraft,https://www.indeed.com/pagead/clk?mo=r&ad=-6NYlbfkN0BElOwmOoNDEjfMCt6Vuom6AhJJqS381FOinHiGjJdOtkHtV3eZWIa4QWg2AoI48Me3WF619lT0zCaNdxfcay0Z5qXc0d45kJ579gg2320DQdAFxSXRCvrU8-A0pEpctIhiHoupx4T-kvaHvV_MgCCwCF6GFnPVlaryR7PtLMpu5bMUAmRWV45ViYMTd5yiuk9AgIo5Ilu1ABT1wfbXrVlZWPBPKtvbO4-Xp_utMzRbxsUm4E-gebPNaUl9moPjofXIthpHk7SCvhQX_pty2-XkGbDTw22V_xJKnTbQMqm_njba24q3EPeQfSQ9oTfi3dLHDQhE4auZrSuRvWnMZACXXnHe5JBHIlJu2JhGz15P-CBGzwevZhwniXQnO7pVGyWnOUzFBvsxUrp04uy8Euo1OsYoI2NolrIFLQSBQzB2BrUU8RphGya9eB9BUUyLqVPDHlecG7Wg5By06TQS8S2XEuBYLzzaGYTEE9vFdZK6mJ_aE74KrZU6hDdjGxtCo5M2xsEhj9PJhju6Yu0_bGGpYURleHfoinmLBfmvDn_zbcK8X5QvNdRZJmnIqRE3M30URt4Qahgkkp4jpjkaULWaACjo64tCgMuLAA2Hyq9qzqG7RZVaP0BXZMfICvysORHmPIqgew2XjuX_bj39vJLe&p=10&fvj=0&vjs=3
"Lead Full Stack Developer
new",Xcite Interactive,https://www.indeed.com/pagead/clk?mo=r&ad=-6NYlbfkN0BsY552rvYWVT5tj1fOmYuQGiKYCMRNSi8BzWS7ktGlzgp5AalR2_aY7cB_jD3qAGwa56zr9fZR7wlb_fxKM7qX3SOoIPeZ6CpKPrWqbhG2j_L2gQX_1NNthtMNe-OViU1XmnBIv4K6XlOOK62R6BWSonlCFuQalcm3JszCRtZZTYzLhOU7l7BxDXZ59T7ht4yRQ4IiKGDBtmPT9QaOxx2n32icMJF8GFcgrWFeyNz1x8jECx9w6uoVdvU84-gOCPr1h7gahE8LOM31in-udkBvjD1uvXm8ZVFDZL4X3-x837idw8BfcnOBuryvE7Rwin_dqAYQSKmU_4ZILAToCYZzix6VtRRpzpx6e69Yn6pLEKwHrfGFSNzMVFVXqCWALLrd1Du6fjFyLOaCr33RXYoO2jU0ypLvsI1jO_0xWp98S4nJTj3f2Vpi745XrfKkb9kYXRSFVkDwVyrKstOcJPCxyMVeGk0giWwGA7iOQJuNtn_r3UoxwmMu&p=11&fvj=1&vjs=3
Software Developer,Tyler Technologies,https://www.indeed.com/pagead/clk?mo=r&ad=-6NYlbfkN0CeE3Wp1M-8tH35RiH3f1Z9bIMggqs9mWwktycFHRXbIYXiJtbRplKkT1V6QuZev0F5m8c1wL6aZ2yF1XwW9SXipleZjTziswYmRR0O2fnc8fPPml5CkqNFOlt6DE69X8pGW0xUQegvUKfqE2lVYy2Yi50PETc090pNS3ikMMd9UF21YhHXmPe7gdnrpKbzRyKqBKYlngpnzHsVubqB-BugWJ4TYkwCAxsl8JevJDSqVjYJG9yBiaa58ieEwEJbk1-AbpUSyVVQBy2EvSFXQzOjbWqw2Q5MR-5VtFZbsM_y94Vrl8Swjh_Dwqcf7aZwtMq6EFz0YcBw4MDRz64i2iM5JcVU_5XH_UnZXnYDDPxoc6hb2tn7kruByTM2fEujjEqqCnKeBIuYh8OW77ejf4Mgwy_zIEfZHiz_crWLoAX6bOxb7KXYBXkydOzMGBOa9KXmKwCSG8X3GYI05H1ytenGbPx8-3F8hQTlNajHdtsTgpEUneMrGtkpa1J0OiMBH9PTF7_gwZ9aPQ==&p=12&fvj=0&vjs=3
Freelance Angular / .NET Full Stack Developer - Contract to...,Cheshire Software Solutions,https://www.indeed.com/pagead/clk?mo=r&ad=-6NYlbfkN0AcSxv9Az8jo6Nzkmskb60BJhxgG6UDegtG2jeuCqyzeZhoBgU1fOj9DVswGYyOydPQkFDjoXAXdXWqy54-me_zlUgpu6epcEZdRyQpOn4JEIPqkuHd76C2rnLGuiBefXlWODGGU0lsE4nkSNsdAn5N9Wr9O0fy30qQ6TTYBpZlPugyoXoTKbElg2-VEbE-RdeXE3D6qcmQNfWcZmEDpsBOcYBrc7tsHD_XUraIlbRFwwZQOyG5N9IIArlOPtj8q-1yo1QxCXVQog2yLQ-X_VtFNawrA4f_cfezrjLbAz2MPDs3xAMAIMSsJZvRhnUzz1kDa7T6mHntWTepmnfNqYyvWBu06G4anLhVEDEQ780YPMIwBg59p3tXgJUgbcbMn75PwraYImJdm-ob99uAi3dqi-6dQwzJdwGKm7N5mvQLrIkELhv_pxy3u4tl5sYYOrClqke8_hcimNDkqurGIV5cPHZlceosvMKoK24HkrP1uww7NRIwIWH623ttJ8JBwPEjuSCpz5yClL5DcS4OfKpB3amXLeKNPd0=&p=13&fvj=1&vjs=3
"Full Stack Developer - ""Opportunity for working remotely"" Mi...",VMware Engineering,https://www.indeed.com/rc/clk?jk=beaf0b36b978eda9&fccid=c762a27145bd166e&vjs=3
"Full Stack Developer IV (C2C/W2) (Local for MN)
new",Performix,https://www.indeed.com/rc/clk?jk=edc86d847ff9c2ad&fccid=eda0e4b7a6d34320&vjs=3
"Lead Full Stack Developer - West Chester, OH
new",Tiny Home Consulting LLC,https://www.indeed.com/pagead/clk?mo=r&ad=-6NYlbfkN0CQy3-8M8pff483-2niI0D0y49srDaTZUOsgvhMkGL04VW59Dq5tUbIBBVcqLEDmaN3uRodjSO49vguN0nSDxVjvlFK-tHVwMaKhvb_oDTWU4MLKU6MTk1-3E-UW88FmW30Yy4k8XTtYu6hKiTgKTXEJ5KxpJI-5tTTpIxCzN9ElAjhxTPZ7zoPuS56P0tcyo3_5UGW2HpThcs7j-vAS8Sa6SNy5U2U9g3F7aQz6nv_W-8gWhfrge3zjqkEWKeiSX41EjQLpNV8j4X2IowTN-8eFqNd0OwTca39kdk1-kIW-DEeXrNJAOIJlPRnTbmX1GL7tGDJGfDHPWyioSCwJrd1uRw5gKO_nykAnATTI8mkYJ5nXbYbABGDvQSPmDsm4i94CpJg6e8GWcjkPTy5R341Ps3FoDrxQ5Egt5OQCgCJ1r344Q21xVO3paRPtj_rqUJXtBrO9Uj3XDty2EUb4CWb7KutnvsHrOzoGs7nqStNbHWF-KpJUozAQRtGyCWcdfEawbrkBM8evQ==&p=16&fvj=1&vjs=3
".Net / Angular Full Stack Developer
new",Sharetec Systems Inc,https://www.indeed.com/company/Sharetec-Systems-Inc/jobs/Net-60b566d9b2a3cfc8?fccid=babdf9adb3554573&vjs=3
Java Full Stack Developer,ValueBase Consulting,https://www.indeed.com/rc/clk?jk=e11560ab94f85b8a&fccid=ffc8bb74d131df37&vjs=3
Full Stack Developer ReactJS/.NETCore Autodesk Forge + BIM36...,"Pelogic, Inc.",https://www.indeed.com/pagead/clk?mo=r&ad=-6NYlbfkN0BqNWxUYGR3EKWdyKZ7MoPmnssZreUBk0oSndFMxN_hkmYJrOldSfv3o1r43BWVnpwjWxwC9f0Eb9VY61MOQVkDTUULw07m_rGktkccE6Mx2pbLOj59XjRkXxmcvJWPhcr3DQRXJh8V443oSTqBXBXMbr5acrN8IKgKZQ0FA_sycqlBXxt0IDDy0AEOMEk0Rob2cR7epwFnSRY3l2RlbZO1L-4blbmlhdVsC9EAYY7PshVi1bLJQs4hTcYN-ms1JsEnZxDJRIICVs6fXk6M5QVsfsDZTjdkWcwuSE051JtltvcqcDS5mUv9jiQ6i9QQjXC-qGn_Ywjgvrr21pipH62i7hvMUk3xVHijG-_dIDG55kvg_6vDhUJiY1CAgjSQ760lw-SPSSZK_Ait66A2lEGXdtZWYgHnl61n7J3iLrH0ihKw_NUtfFi-6o-dwAFuMZRvkS5fkjvezbOMVFNSB6BSWwkEacKH1RpiyFlpfiDjArGPco0zprN4oqnGgN3jvaavzEAWFzYyltReYbNP9hC7d-hVKaCozag=&p=19&fvj=1&vjs=3
"Full Stack Web Developer - Computer Vision
new",Kitware,https://www.indeed.com/rc/clk?jk=00d8e2b30a0c8fd6&fccid=ffd98152d5e973b6&vjs=3
Full-Stack Software Developer,Sezzle,https://www.indeed.com/rc/clk?jk=963fd2267f8f1d5d&fccid=4f90dcffdeb84128&vjs=3
Software (Full Stack) Engineer,Veritas,https://www.indeed.com/pagead/clk?mo=r&ad=-6NYlbfkN0B2LP6KtwgLMWcIJbzQK4y118hUYa2NHT0ELzb4aR6nDrO9_32R0LtaOaJU-Vw7HzdsIAAn8QMf9HuBQvOlnHTHAg8yDL5F0XOOLBTeueHp-XkIHRsToYBiFzYqpT4ynS4-soZKAkVIIbn_9HsVt6uyCsxqXKUlqhPXmCZp8T_625-ZVKYTHcS9zb-lEiWHz_ic47RlTkqBOEY7q5hAHTfvUvtCVzda9fQFrucFU6V7WvoP0prkXjq21cLKa3BNkHbwQvKL4dDemlJFjpVbw_iO8NP4j_manHZGvjWdvGL1irz2T6QymblvVx1d0hJtdxHlsOj3AG4boFdkm_ierU6B8sE0hlHkHO3Ucqb2zwHZLSExDKJH0YtD7IFYyD0s4PtHFifACfGvRPqokG_xuCgrwpelgFs3Rk1z54wY5mnUKbq9wUlXcmvoB_GvCNNJH0skNvjXXmi8baMeVC9BQZpj27SOH9enhnCTZPNQR2FNu592lJ5tSV0GsOTPsTgcCXyQiOHkDy99vTCz6CgJ_R8_&p=22&fvj=0&vjs=3
Groovy Full Stack Developer,ITR Group Inc,https://www.indeed.com/company/ITR-Group-Inc/jobs/Groovy-Full-Stack-Developer-f6ec443ecf2aca41?fccid=6c5c1f57d06ced54&vjs=3
Full Stack Developer,Gillette Children's Specialty Healthcare,https://www.indeed.com/rc/clk?jk=6e7b01b22343d8ef&fccid=28619502b8d87fd8&vjs=3
"Sr Developer, Full Stack (w/Back End emphasis)",Ethisphere,https://www.indeed.com/rc/clk?jk=420f6c04417d7655&fccid=2b7fbf1aa40daae2&vjs=3
"Full Stack Engineer (Automation Focus) – Minneapolis, MN
new",U.S. Bank,https://www.indeed.com/rc/clk?jk=16bb826f64503522&fccid=ae5bfc395c530fbc&vjs=3
Software Engineer,Equity Staffing Group,https://www.indeed.com/pagead/clk?mo=r&ad=-6NYlbfkN0C1yyJIapRlEdYOhDmVropYbNu6_NST9zaz4GWjsOuGwSr2S_wuxMSgMUxyoNOegNJaDwDgA3mFX0xyziqZFdDeuqjnBx-YENkTA2F58bHgbWMq1mYtsAhMNkMFfdJdr-G7sPvYqhKPeU0lqKF-DGC_Zej2r_TZ5bM3aBblRtlsyaYk16RTeKW96Ww20DdoEH9htg8BW4LxrZcdgx18VIDEIikzaTSmehl93EAkdwnqWlDmdtkyQ-o_gp05VlEZ21NNYop9rmOB_5PvraHaonlYosDyVA5l0Y7XMvDPfHU9uqGMEnJd9b-ckNvCzKWhhlUA1NA6pR_P9_oimmlT7_XsRGs7knIco_LqNeFxe6zuDolrIkgXM6OHk-4gQB4GqGmztAC6DtZIpXMghCTzroEA5IJp_7J9ydFpsgt746m57GZ9BZFdVFZgKVAqW5h1wYldagD0_e8GCiBRvlmg2b27Yax_1pjWtUGfSCLeLkptEi6OdKUFcmct&p=27&fvj=1&vjs=3
Principal Sofware Engineer,Pearson,https://www.indeed.com/pagead/clk?mo=r&ad=-6NYlbfkN0BCdNI_FJjlMFYz3b45-OYr8D0rw9t4m3m-4WuOcSOVB1O9RPtOLpnYrlAWgG3b_6P5KxRyTjEmBLGmc0KHwV02y7hGN6GHlMLhZQBYzAbDCVGQB0fF43TLzxzyIKz8_hHhMBU-cP7Cx6USc80d0csArgTtJV-UrEKXbwD8H1jZOV8YYAkSqRALe2wiRJ57W_hF-dFMepq-a9RMHV4kAnKYT1u5vchUWQXv5ffTdR4kbqx-ecIbNk74ebLyqf_FnehnqSoJ_4FYZ-T6W6cM-U7cc8UIXwCISomNLUZpvRKVt1jmfyzUvYhe88IBuxmj3eFPHX8E48JZUZKB7Nj3Er2KuRSkhP0smwL0PqqR_xlk_oIknHAoGoH-bKpPo_Y8NJLxxCxq5Xjp87r9owDTPkyk7Js2viP2gPR0vV9Avin4MHXmw0BJFcAurUR7R-HMTjGjS8JWa8VNhJFEiRNbBoym_ZBhJTet6KfDjdYoroKClRNvjWRmS8JY2yxugojPfDY9PXb3CaEC0DL3kLNVrj-YnavVwc8E7AUyGz_oPic-NdsQM3EKapKpeyAHP5X3McYW1cU_Pypzb7nrFSjJ2XvP28Fv1tgpuEv-peK288PNeKWSZjGqN0Imle7WTwCtX6OHUqQIXsc5EwPxv21YOLJZVMIyvqpeYbQ0-pJjR3tzzNwHUGAl88bpez51wRKCKdNMObaecDYrvX2-7sE6OXIeGGsYUWJ5ZAuUSqvMA82H3w==&p=28&fvj=0&vjs=3
Full stack developer,CapB InfoteK,https://www.indeed.com/rc/clk?jk=1bc3258f945774c2&fccid=5033463af3c58699&vjs=3
"Agile Software Developer
new",U.S. Bank,https://www.indeed.com/rc/clk?jk=0cbc646153ca5180&fccid=ae5bfc395c530fbc&vjs=3
Software Developer (Full Stack),GeoDigital,https://www.indeed.com/rc/clk?jk=d03d2b3c8cf9f823&fccid=95bb0e6150886869&vjs=3
Software Engineer,Apruve,https://www.indeed.com/company/Apruve/jobs/Software-Engineer-3eebd49a089babe4?fccid=3eefb6833456778f&vjs=3
Full Stack Developer,UnitedHealth Group,https://www.indeed.com/rc/clk?jk=c9628d5386f2e321&fccid=d3d3520998346837&vjs=3
100% REMOTE React Native Full Stack Developers (Redux PHP AW...,Entegee,https://www.indeed.com/pagead/clk?mo=r&ad=-6NYlbfkN0D6OzZjpD_hbicRkMZwNNvvxSeL23iIfvaC4EytleQ8zNLg88ysmJxqj6Sx0aTMZaNYcC4i2NBMEZMBS-rx53s2FcA-4MWZssNVjpyYooUG3wGBtC-vIfH0aX_PSyazQwh9bnpQtYIAA1T5-O43O-CUrFZabxcZ7IZVNkEw5j2WCou8n7uTezUtp9PRsysEssmG4cQ3_isj0ZqwqIxUpk_uWBWDBf6l6jw5m2GzozAvycorpR5LJ38_egUVI6Xr10y9t2ibnmZLAp2pr0nzjLsbU7i3yg0HU2HGOIH-3JgrIsNKS4VFFHtwNyef5GOCDWJRcUnPEd8wl-IS-LsfDMpiwu-i3eD8cTlFu5lhSOoBZvPFNAP0OE_PhdesNT3YvEs1hfK0e695xRd9ySM9Uxo-yla5jzVIR5yNZLKK58sF-zngJ8SHxnQmPxbSgcIP3nuC6qe-aJEb_G7g7lGISSV0uYRgR8LQkiyMKhNwjN1O6drm0LIDca-s-Kon1Eu9A1HifN4TlU8KgGzbkUPae16ZThjonotz8kNpiuCD4qQc0A==&p=34&fvj=1&vjs=3
Remote Sr. Full Stack Developer (U.S. ONLY),Titan School Solutions,https://www.indeed.com/rc/clk?jk=56994c2cf4f1843a&fccid=f1cceeec60b03e61&vjs=3
"Software Engineer II- Full Stack
new",Medtronic,https://www.indeed.com/rc/clk?jk=376672a47866ea08&fccid=f06a4d05bf5510ec&vjs=3
"Junior Developer
new",DLR Group,https://www.indeed.com/rc/clk?jk=221a9edf372c83a1&fccid=0754b6a23a2e2d52&vjs=3
Full Stack Software Developer,Ceridian,https://www.indeed.com/rc/clk?jk=dba9a8336a4c1950&fccid=837c958b2711fe23&vjs=3
Senior Java Full Stack Developer,iknowvate technologies,https://www.indeed.com/rc/clk?jk=64261dd41422385d&fccid=9ace5aa4e4fa6ce2&vjs=3
"Full-Stack Developer, Core Sites","General Mills Services, Inc.",https://www.indeed.com/rc/clk?jk=3c5cded83a23bebe&fccid=3e3835efd2807b63&vjs=3
Full Stack Java Developer,iknowvate technologies,https://www.indeed.com/rc/clk?jk=97efd4ad23121572&fccid=9ace5aa4e4fa6ce2&vjs=3
"Full-stack Engineer (Spanish fluency needed) - Minneapolis,...",U.S. Bank,https://www.indeed.com/rc/clk?jk=5c78c81acc9fa25f&fccid=ae5bfc395c530fbc&vjs=3
"Staff Software Engineer Full Stack
new",Ad Hoc Team,https://www.indeed.com/rc/clk?jk=743c198192666457&fccid=7707621c92754acd&vjs=3
"Senior Full Stack Developer - Minneapolis, MN",U.S. Bank,https://www.indeed.com/rc/clk?jk=2b5dc4fbc9719824&fccid=ae5bfc395c530fbc&vjs=3
"Senior Full Stack Engineer (React, Rails)
new",Park Hudson International,https://www.indeed.com/pagead/clk?mo=r&ad=-6NYlbfkN0BZHHkexMrlOEs9mAEp1W7801YVKZP9Gquzl6K7bduwaqke20vi5hRC265gq17Pbz_nSO27rR6wbUbvmtLaUfymP-z5bO_6yWWI2xikCdlznkIqA2oT-PKTnQoNuD5apXLOK8rTht_jADnmay2kgdtEWK7_G7u0UhjM7MsSy_bJqu3pBzzKVrfJF44-2iWpndlE0LDeEvljEO6r3k_KW0vP8L6WsHgQ1SNRGDVRR4HaC4Es2gHq_p4dy5pGWqawwwfTwhxajcoZS-EHYZYCduPTc17u4_2t9oRj_VyJ4zOhiQtsYRCY-n3799TwYDnv72KAcNFsY5ZJYy_mB5GvSBjM2-X4N13V5NhTstnXAkbDo_fhOihT5Z6MxP7MoPXk5xHjHaym0EpTo-wHbKE3JMcto3Kj_zbk7GsdRV8lH3yGpfg9fkX-KMjfQJKbSZUqprYnrh0aSroABPjCnZMvXnJ6mH7uUAW3Y52jqTEPmpcOiDg_Dv7pi-lB&p=45&fvj=1&vjs=3
"Software Developer II
new",Advicent Solutions,https://www.indeed.com/rc/clk?jk=dc10364ed3794037&fccid=71d7a42172568a3a&vjs=3
"Customer Growth Marketing Specialist
new",Step One Foods,https://www.indeed.com/company/Step-One-Foods/jobs/Customer-Growth-Marketing-Specialist-16ecdceac9a9a490?fccid=1172a54e9c4aa4ab&vjs=3
Senior Software Engineer - Full-Stack Development,Tynker,https://www.indeed.com/pagead/clk?mo=r&ad=-6NYlbfkN0As5OQ26OamUxfFLuRXIYAJ0Caw6nQUeOoPO8iOmOQAF1_E6r4IBK10yCTMAbwMPiJnKLtLQwGZydocRVPh-aBJaihaEosKXV0SyDrnGyJB2CMuz3aWWh5bD9O3SFLE5085JKsMKBFI41aVCUB9o9VK6ezDf4nYawA2sxa1KjpV3gEWqCvy5hWw_J2dZiiu0X4Y4RptwzHJOX_c7HZHIWiVGkVdKZlevpfbWjfJaurHdH7DsEj-fgs2A42lbZ06C4LWFVf1xL2quH6BDV9dJe69pm4JISP7bLCBfori8_nJ24W_ut9K7UNqaAWw_HYufiuIV6BtWhfAwaOMaQD0RAwHgR3sqdBAoKbX4fUFaOvBwgl9Wt_ksYgAsTovF-tqsMg6KP5yYA6hLYPCrhG-_WcJy6I_5tpUkOKa5s09_XbDytOHI2NgLnt4HomA0gAjlpou0u_vcUHhGN2z1_tCfFxevRMhtLhKdKWFUb9qydTjvc7IfgKU8B58bGFZQRdHiRwwMrG_gMWhpWoBDYA_ZvLAPTdzS32FJSZJmLLv9f6vKv21VLsmwWauwXUmTw14V6U=&p=48&fvj=0&vjs=3
Senior Full Stack Developer,Stratacor,https://www.indeed.com/rc/clk?jk=66df636a5e4d1bb0&fccid=02ccb7cdf82c174c&vjs=3
